X_pos,Y_pos,Z_pos,UV_dose,Execution_time,Num_cells_in_region
0.755,-0.195,0.755,4.28336,45.823914635,5056
0.755,-0.195,0.765,194.65,45.823914635,5056
0.755,-0.185,0.755,4.32157,45.823914635,5056
0.755,-0.185,0.765,265.997,45.823914635,5056
0.755,-0.175,0.755,14.8488,45.823914635,5056
0.755,-0.175,0.765,287.201,45.823914635,5056
0.755,-0.165,0.755,122.433,45.823914635,5056
0.755,-0.165,0.765,373.13,45.823914635,5056
0.755,-0.155,0.755,109.806,45.823914635,5056
0.755,-0.155,0.765,377.166,45.823914635,5056
0.755,-0.145,0.755,118.656,45.823914635,5056
0.755,-0.145,0.765,380.672,45.823914635,5056
0.755,-0.135,0.755,39.2943,45.823914635,5056
0.755,-0.135,0.765,357.362,45.823914635,5056
0.755,-0.125,0.755,114.946,45.823914635,5056
0.755,-0.125,0.765,294.928,45.823914635,5056
0.755,-0.115,0.755,102.719,45.823914635,5056
0.755,-0.115,0.765,254.845,45.823914635,5056
0.755,-0.105,0.755,129.215,45.823914635,5056
0.755,-0.105,0.765,253.564,45.823914635,5056
0.755,-0.095,0.755,130.52,45.823914635,5056
0.755,-0.095,0.765,251.161,45.823914635,5056
0.755,-0.085,0.755,131.874,45.823914635,5056
0.755,-0.075,0.755,128.195,45.823914635,5056
0.755,-0.065,0.755,118.159,45.823914635,5056
0.755,-0.065,0.765,175.291,45.823914635,5056
0.755,-0.055,0.755,118.77,45.823914635,5056
0.755,-0.055,0.765,205.049,45.823914635,5056
0.755,-0.045,0.755,28.1418,45.823914635,5056
0.755,-0.035,0.755,28.4798,45.823914635,5056
0.755,-0.035,0.765,276.188,45.823914635,5056
0.755,-0.025,0.755,13.7843,45.823914635,5056
0.755,-0.025,0.765,343.671,45.823914635,5056
0.755,-0.015,0.765,397.957,45.823914635,5056
0.755,-0.005,0.765,396.655,45.823914635,5056
0.755,0.055,0.755,20.9702,45.823914635,5056
0.755,0.065,0.755,21.3833,45.823914635,5056
0.755,0.065,0.765,257.745,45.823914635,5056
0.755,0.075,0.755,21.793,45.823914635,5056
0.755,0.085,0.755,31.4418,45.823914635,5056
0.755,0.085,0.765,260.198,45.823914635,5056
0.755,0.095,0.755,31.884,45.823914635,5056
0.755,0.095,0.765,262.941,45.823914635,5056
0.755,0.105,0.755,32.4783,45.823914635,5056
0.755,0.105,0.765,272.473,45.823914635,5056
0.755,0.115,0.755,32.7891,45.823914635,5056
0.755,0.115,0.765,346.994,45.823914635,5056
0.755,0.125,0.755,19.9919,45.823914635,5056
0.755,0.125,0.765,324.316,45.823914635,5056
0.755,0.135,0.755,33.503,45.823914635,5056
0.755,0.135,0.765,316.84,45.823914635,5056
0.755,0.145,0.755,20.2896,45.823914635,5056
0.755,0.155,0.755,20.2768,45.823914635,5056
0.755,0.155,0.765,268.698,45.823914635,5056
0.755,0.165,0.765,259.77,45.823914635,5056
0.755,0.175,0.765,236.743,45.823914635,5056
0.755,0.185,0.765,212.294,45.823914635,5056
0.755,0.195,0.765,203.532,45.823914635,5056
0.765,-0.195,0.755,4.20137,45.823914635,5056
0.765,-0.195,0.765,217.369,45.823914635,5056
0.765,-0.185,0.755,4.29027,45.823914635,5056
0.765,-0.185,0.765,257.592,45.823914635,5056
0.765,-0.175,0.755,14.7486,45.823914635,5056
0.765,-0.175,0.765,285.697,45.823914635,5056
0.765,-0.165,0.755,119.099,45.823914635,5056
0.765,-0.165,0.765,371.02,45.823914635,5056
0.765,-0.155,0.755,121.056,45.823914635,5056
0.765,-0.155,0.765,374.658,45.823914635,5056
0.765,-0.145,0.755,122.267,45.823914635,5056
0.765,-0.145,0.765,378.04,45.823914635,5056
0.765,-0.135,0.755,132.836,45.823914635,5056
0.765,-0.135,0.765,332.76,45.823914635,5056
0.765,-0.125,0.755,133.215,45.823914635,5056
0.765,-0.125,0.765,307.704,45.823914635,5056
0.765,-0.115,0.755,126.688,45.823914635,5056
0.765,-0.115,0.765,301.302,45.823914635,5056
0.765,-0.105,0.755,128.183,45.823914635,5056
0.765,-0.105,0.765,277.243,45.823914635,5056
0.765,-0.095,0.755,129.473,45.823914635,5056
0.765,-0.095,0.765,253.993,45.823914635,5056
0.765,-0.085,0.755,130.741,45.823914635,5056
0.765,-0.085,0.765,256.11,45.823914635,5056
0.765,-0.075,0.755,115.974,45.823914635,5056
0.765,-0.075,0.765,251.486,45.823914635,5056
0.765,-0.065,0.755,116.3,45.823914635,5056
0.765,-0.065,0.765,251.794,45.823914635,5056
0.765,-0.055,0.755,27.8842,45.823914635,5056
0.765,-0.045,0.755,118.036,45.823914635,5056
0.765,-0.045,0.765,325.41,45.823914635,5056
0.765,-0.035,0.755,28.4069,45.823914635,5056
0.765,-0.035,0.765,334.692,45.823914635,5056
0.765,-0.025,0.765,410.591,45.823914635,5056
0.765,-0.015,0.765,448.428,45.823914635,5056
0.765,0.005,0.765,501.463,45.823914635,5056
0.765,0.015,0.765,503.053,45.823914635,5056
0.765,0.025,0.765,504.079,45.823914635,5056
0.765,0.035,0.765,482.839,45.823914635,5056
0.765,0.045,0.765,336.03,45.823914635,5056
0.765,0.055,0.755,9.01754,45.823914635,5056
0.765,0.065,0.755,17.999,45.823914635,5056
0.765,0.075,0.755,18.4059,45.823914635,5056
0.765,0.085,0.755,31.1931,45.823914635,5056
0.765,0.085,0.765,308.264,45.823914635,5056
0.765,0.095,0.755,19.0751,45.823914635,5056
0.765,0.095,0.765,272.319,45.823914635,5056
0.765,0.105,0.755,32.1471,45.823914635,5056
0.765,0.105,0.765,303.184,45.823914635,5056
0.765,0.115,0.755,32.5321,45.823914635,5056
0.765,0.115,0.765,390.594,45.823914635,5056
0.765,0.125,0.755,32.8345,45.823914635,5056
0.765,0.125,0.765,320.541,45.823914635,5056
0.765,0.135,0.755,44.0635,45.823914635,5056
0.765,0.135,0.765,303.063,45.823914635,5056
0.765,0.145,0.755,33.445,45.823914635,5056
0.765,0.145,0.765,284.579,45.823914635,5056
0.765,0.155,0.755,20.1897,45.823914635,5056
0.765,0.155,0.765,264.927,45.823914635,5056
0.765,0.165,0.755,9.84879,45.823914635,5056
0.765,0.165,0.765,256.283,45.823914635,5056
0.765,0.175,0.765,247.723,45.823914635,5056
0.765,0.185,0.765,209.315,45.823914635,5056
0.765,0.195,0.765,200.516,45.823914635,5056
0.775,-0.195,0.755,4.18796,45.823914635,5056
0.775,-0.195,0.765,207.897,45.823914635,5056
0.775,-0.185,0.755,28.2503,45.823914635,5056
0.775,-0.185,0.765,236.406,45.823914635,5056
0.775,-0.175,0.755,13.9476,45.823914635,5056
0.775,-0.175,0.765,275.892,45.823914635,5056
0.775,-0.165,0.755,14.3766,45.823914635,5056
0.775,-0.165,0.765,286.949,45.823914635,5056
0.775,-0.155,0.755,117.585,45.823914635,5056
0.775,-0.155,0.765,371.659,45.823914635,5056
0.775,-0.145,0.755,130.97,45.823914635,5056
0.775,-0.145,0.765,375.003,45.823914635,5056
0.775,-0.135,0.755,134.554,45.823914635,5056
0.775,-0.135,0.765,329.962,45.823914635,5056
0.775,-0.125,0.755,145.556,45.823914635,5056
0.775,-0.125,0.765,317.254,45.823914635,5056
0.775,-0.115,0.755,125.4,45.823914635,5056
0.775,-0.115,0.765,318.279,45.823914635,5056
0.775,-0.105,0.755,126.664,45.823914635,5056
0.775,-0.105,0.765,299.864,45.823914635,5056
0.775,-0.095,0.755,128.247,45.823914635,5056
0.775,-0.095,0.765,281.228,45.823914635,5056
0.775,-0.085,0.755,128.994,45.823914635,5056
0.775,-0.085,0.765,281.016,45.823914635,5056
0.775,-0.075,0.755,125.723,45.823914635,5056
0.775,-0.075,0.765,259.654,45.823914635,5056
0.775,-0.065,0.755,126.486,45.823914635,5056
0.775,-0.065,0.765,275.795,45.823914635,5056
0.775,-0.055,0.755,38.8651,45.823914635,5056
0.775,-0.055,0.765,317.205,45.823914635,5056
0.775,-0.045,0.755,41.7067,45.823914635,5056
0.775,-0.045,0.765,354.96,45.823914635,5056
0.775,-0.035,0.755,41.991,45.823914635,5056
0.775,-0.035,0.765,386.919,45.823914635,5056
0.775,-0.025,0.755,14.9306,45.823914635,5056
0.775,-0.025,0.765,449.999,45.823914635,5056
0.775,-0.015,0.765,485.129,45.823914635,5056
0.775,-0.005,0.765,491.224,45.823914635,5056
0.775,0.005,0.765,525.784,45.823914635,5056
0.775,0.015,0.765,573.547,45.823914635,5056
0.775,0.035,0.765,582.859,45.823914635,5056
0.775,0.045,0.755,8.68285,45.823914635,5056
0.775,0.045,0.765,449.727,45.823914635,5056
0.775,0.055,0.755,8.92788,45.823914635,5056
0.775,0.055,0.765,430.87,45.823914635,5056
0.775,0.065,0.755,17.9095,45.823914635,5056
0.775,0.065,0.765,420.528,45.823914635,5056
0.775,0.075,0.755,18.2538,45.823914635,5056
0.775,0.075,0.765,383.525,45.823914635,5056
0.775,0.085,0.755,18.5525,45.823914635,5056
0.775,0.085,0.765,340.509,45.823914635,5056
0.775,0.095,0.755,18.851,45.823914635,5056
0.775,0.095,0.765,301.091,45.823914635,5056
0.775,0.105,0.755,19.1038,45.823914635,5056
0.775,0.105,0.765,329.33,45.823914635,5056
0.775,0.115,0.755,29.7891,45.823914635,5056
0.775,0.115,0.765,372.727,45.823914635,5056
0.775,0.125,0.755,43.1483,45.823914635,5056
0.775,0.125,0.765,340.136,45.823914635,5056
0.775,0.135,0.755,30.5291,45.823914635,5056
0.775,0.135,0.765,299.308,45.823914635,5056
0.775,0.145,0.755,30.7545,45.823914635,5056
0.775,0.145,0.765,281.048,45.823914635,5056
0.775,0.155,0.755,30.9321,45.823914635,5056
0.775,0.155,0.765,281.187,45.823914635,5056
0.775,0.165,0.755,30.8992,45.823914635,5056
0.775,0.165,0.765,252.926,45.823914635,5056
0.775,0.175,0.765,244.245,45.823914635,5056
0.775,0.185,0.765,216.109,45.823914635,5056
0.775,0.195,0.765,207.227,45.823914635,5056
0.785,-0.195,0.755,9.50014,45.823914635,5056
0.785,-0.195,0.765,200.576,45.823914635,5056
0.785,-0.185,0.755,28.9246,45.823914635,5056
0.785,-0.185,0.765,218.557,45.823914635,5056
0.785,-0.175,0.755,19.0152,45.823914635,5056
0.785,-0.175,0.765,237.931,45.823914635,5056
0.785,-0.165,0.755,29.8934,45.823914635,5056
0.785,-0.165,0.765,275.22,45.823914635,5056
0.785,-0.155,0.755,44.8548,45.823914635,5056
0.785,-0.155,0.765,287.54,45.823914635,5056
0.785,-0.145,0.755,24.06,45.823914635,5056
0.785,-0.145,0.765,298.253,45.823914635,5056
0.785,-0.135,0.755,140.996,45.823914635,5056
0.785,-0.135,0.765,357.229,45.823914635,5056
0.785,-0.125,0.755,145.688,45.823914635,5056
0.785,-0.125,0.765,311.864,45.823914635,5056
0.785,-0.115,0.755,167.971,45.823914635,5056
0.785,-0.115,0.765,291.895,45.823914635,5056
0.785,-0.105,0.755,133.97,45.823914635,5056
0.785,-0.105,0.765,301.492,45.823914635,5056
0.785,-0.095,0.755,131.592,45.823914635,5056
0.785,-0.095,0.765,291.408,45.823914635,5056
0.785,-0.085,0.755,122.025,45.823914635,5056
0.785,-0.085,0.765,335.485,45.823914635,5056
0.785,-0.075,0.755,134.164,45.823914635,5056
0.785,-0.075,0.765,308.254,45.823914635,5056
0.785,-0.065,0.755,124.785,45.823914635,5056
0.785,-0.065,0.765,330.469,45.823914635,5056
0.785,-0.055,0.755,27.73,45.823914635,5056
0.785,-0.055,0.765,348.267,45.823914635,5056
0.785,-0.045,0.755,28.1,45.823914635,5056
0.785,-0.045,0.765,368.479,45.823914635,5056
0.785,-0.035,0.755,28.3554,45.823914635,5056
0.785,-0.035,0.765,399.633,45.823914635,5056
0.785,-0.025,0.755,42.186,45.823914635,5056
0.785,-0.025,0.765,475.183,45.823914635,5056
0.785,-0.015,0.755,14.9202,45.823914635,5056
0.785,-0.015,0.765,499.091,45.823914635,5056
0.785,-0.005,0.765,529.362,45.823914635,5056
0.785,0.005,0.765,649.397,45.823914635,5056
0.785,0.015,0.765,732.024,45.823914635,5056
0.785,0.025,0.765,761.102,45.823914635,5056
0.785,0.035,0.765,773.607,45.823914635,5056
0.785,0.045,0.755,8.55654,45.823914635,5056
0.785,0.045,0.765,753.067,45.823914635,5056
0.785,0.055,0.755,8.84567,45.823914635,5056
0.785,0.055,0.765,602.327,45.823914635,5056
0.785,0.065,0.755,17.674,45.823914635,5056
0.785,0.065,0.765,551.397,45.823914635,5056
0.785,0.075,0.755,18.0338,45.823914635,5056
0.785,0.075,0.765,433.352,45.823914635,5056
0.785,0.085,0.755,18.3233,45.823914635,5056
0.785,0.085,0.765,393.549,45.823914635,5056
0.785,0.095,0.755,18.6175,45.823914635,5056
0.785,0.095,0.765,355.45,45.823914635,5056
0.785,0.105,0.755,29.1259,45.823914635,5056
0.785,0.105,0.765,352.604,45.823914635,5056
0.785,0.115,0.755,29.5034,45.823914635,5056
0.785,0.115,0.765,403.428,45.823914635,5056
0.785,0.125,0.755,29.8415,45.823914635,5056
0.785,0.125,0.765,361.131,45.823914635,5056
0.785,0.135,0.755,30.1132,45.823914635,5056
0.785,0.135,0.765,342.273,45.823914635,5056
0.785,0.145,0.755,38.2556,45.823914635,5056
0.785,0.145,0.765,276.854,45.823914635,5056
0.785,0.155,0.755,30.5556,45.823914635,5056
0.785,0.155,0.765,267.161,45.823914635,5056
0.785,0.165,0.755,20.5741,45.823914635,5056
0.785,0.165,0.765,258.782,45.823914635,5056
0.785,0.175,0.755,20.4679,45.823914635,5056
0.785,0.175,0.765,240.573,45.823914635,5056
0.785,0.185,0.765,226.673,45.823914635,5056
0.785,0.195,0.765,204.205,45.823914635,5056
0.795,-0.195,0.755,18.3816,45.823914635,5056
0.795,-0.195,0.765,175.324,45.823914635,5056
0.795,-0.185,0.755,28.8583,45.823914635,5056
0.795,-0.185,0.765,206.401,45.823914635,5056
0.795,-0.175,0.755,18.946,45.823914635,5056
0.795,-0.175,0.765,213.522,45.823914635,5056
0.795,-0.165,0.755,33.9514,45.823914635,5056
0.795,-0.165,0.765,232.454,45.823914635,5056
0.795,-0.155,0.755,19.4471,45.823914635,5056
0.795,-0.155,0.765,256.86,45.823914635,5056
0.795,-0.145,0.755,40.7597,45.823914635,5056
0.795,-0.145,0.765,225.717,45.823914635,5056
0.795,-0.135,0.755,47.5992,45.823914635,5056
0.795,-0.135,0.765,222.02,45.823914635,5056
0.795,-0.125,0.755,70.0453,45.823914635,5056
0.795,-0.125,0.765,277.467,45.823914635,5056
0.795,-0.115,0.755,64.8401,45.823914635,5056
0.795,-0.115,0.765,190.129,45.823914635,5056
0.795,-0.105,0.755,40.1283,45.823914635,5056
0.795,-0.105,0.765,197.122,45.823914635,5056
0.795,-0.095,0.755,50.2812,45.823914635,5056
0.795,-0.095,0.765,294.836,45.823914635,5056
0.795,-0.085,0.755,120.516,45.823914635,5056
0.795,-0.085,0.765,317.698,45.823914635,5056
0.795,-0.075,0.755,47.1524,45.823914635,5056
0.795,-0.075,0.765,297.704,45.823914635,5056
0.795,-0.065,0.755,47.8614,45.823914635,5056
0.795,-0.065,0.765,251.46,45.823914635,5056
0.795,-0.055,0.755,48.4337,45.823914635,5056
0.795,-0.055,0.765,396.427,45.823914635,5056
0.795,-0.045,0.755,27.9484,45.823914635,5056
0.795,-0.045,0.765,399.815,45.823914635,5056
0.795,-0.035,0.755,28.257,45.823914635,5056
0.795,-0.035,0.765,422.125,45.823914635,5056
0.795,-0.025,0.755,28.3751,45.823914635,5056
0.795,-0.025,0.765,460.159,45.823914635,5056
0.795,-0.015,0.755,14.8909,45.823914635,5056
0.795,-0.015,0.765,535.639,45.823914635,5056
0.795,-0.005,0.765,676.173,45.823914635,5056
0.795,0.005,0.765,759.822,45.823914635,5056
0.795,0.015,0.765,769.353,45.823914635,5056
0.795,0.025,0.765,810.581,45.823914635,5056
0.795,0.035,0.765,824.407,45.823914635,5056
0.795,0.045,0.765,805.991,45.823914635,5056
0.795,0.055,0.755,17.0252,45.823914635,5056
0.795,0.055,0.765,643.194,45.823914635,5056
0.795,0.065,0.755,17.4501,45.823914635,5056
0.795,0.065,0.765,647.633,45.823914635,5056
0.795,0.075,0.755,17.7586,45.823914635,5056
0.795,0.075,0.765,582.621,45.823914635,5056
0.795,0.085,0.755,27.9217,45.823914635,5056
0.795,0.085,0.765,398.45,45.823914635,5056
0.795,0.095,0.755,28.3626,45.823914635,5056
0.795,0.095,0.765,367.48,45.823914635,5056
0.795,0.105,0.755,28.7992,45.823914635,5056
0.795,0.105,0.765,384.545,45.823914635,5056
0.795,0.115,0.755,29.151,45.823914635,5056
0.795,0.115,0.765,414.658,45.823914635,5056
0.795,0.125,0.755,49.4676,45.823914635,5056
0.795,0.125,0.765,420.511,45.823914635,5056
0.795,0.135,0.755,37.462,45.823914635,5056
0.795,0.135,0.765,453.925,45.823914635,5056
0.795,0.145,0.755,37.7538,45.823914635,5056
0.795,0.145,0.765,437.808,45.823914635,5056
0.795,0.155,0.755,38.0298,45.823914635,5056
0.795,0.155,0.765,431.891,45.823914635,5056
0.795,0.165,0.755,28.1166,45.823914635,5056
0.795,0.165,0.765,411.792,45.823914635,5056
0.795,0.175,0.755,28.0371,45.823914635,5056
0.795,0.175,0.765,366.665,45.823914635,5056
0.795,0.185,0.765,271.488,45.823914635,5056
0.795,0.195,0.765,188.926,45.823914635,5056
0.805,-0.195,0.755,18.2625,45.823914635,5056
0.805,-0.195,0.765,165.006,45.823914635,5056
0.805,-0.185,0.755,18.5901,45.823914635,5056
0.805,-0.185,0.765,184.418,45.823914635,5056
0.805,-0.175,0.755,18.7877,45.823914635,5056
0.805,-0.175,0.765,216.296,45.823914635,5056
0.805,-0.165,0.755,19.0601,45.823914635,5056
0.805,-0.165,0.765,229.526,45.823914635,5056
0.805,-0.155,0.755,31.5265,45.823914635,5056
0.805,-0.155,0.765,185.548,45.823914635,5056
0.805,-0.145,0.755,30.115,45.823914635,5056
0.805,-0.145,0.765,202.232,45.823914635,5056
0.805,-0.135,0.755,66.7448,45.823914635,5056
0.805,-0.135,0.765,183.977,45.823914635,5056
0.805,-0.125,0.755,60.426,45.823914635,5056
0.805,-0.125,0.765,146.129,45.823914635,5056
0.805,-0.115,0.755,64.4137,45.823914635,5056
0.805,-0.115,0.765,152.611,45.823914635,5056
0.805,-0.105,0.755,55.2784,45.823914635,5056
0.805,-0.105,0.765,180.798,45.823914635,5056
0.805,-0.095,0.755,35.8881,45.823914635,5056
0.805,-0.095,0.765,179.704,45.823914635,5056
0.805,-0.085,0.755,26.1616,45.823914635,5056
0.805,-0.085,0.765,222.198,45.823914635,5056
0.805,-0.075,0.755,37.3632,45.823914635,5056
0.805,-0.075,0.765,226.1,45.823914635,5056
0.805,-0.065,0.755,47.5773,45.823914635,5056
0.805,-0.065,0.765,269.143,45.823914635,5056
0.805,-0.055,0.755,48.203,45.823914635,5056
0.805,-0.055,0.765,401.375,45.823914635,5056
0.805,-0.045,0.755,27.7734,45.823914635,5056
0.805,-0.045,0.765,423.359,45.823914635,5056
0.805,-0.035,0.755,28.0562,45.823914635,5056
0.805,-0.035,0.765,433.6,45.823914635,5056
0.805,-0.025,0.755,28.1471,45.823914635,5056
0.805,-0.025,0.765,436.277,45.823914635,5056
0.805,-0.015,0.765,564.218,45.823914635,5056
0.805,-0.005,0.765,693.972,45.823914635,5056
0.805,0.005,0.765,768.675,45.823914635,5056
0.805,0.015,0.765,803.042,45.823914635,5056
0.805,0.025,0.765,841.771,45.823914635,5056
0.805,0.035,0.765,849.369,45.823914635,5056
0.805,0.045,0.755,8.30337,45.823914635,5056
0.805,0.045,0.765,817.499,45.823914635,5056
0.805,0.055,0.755,8.5825,45.823914635,5056
0.805,0.055,0.765,676.779,45.823914635,5056
0.805,0.065,0.755,17.2073,45.823914635,5056
0.805,0.065,0.765,686.013,45.823914635,5056
0.805,0.075,0.755,27.1127,45.823914635,5056
0.805,0.075,0.765,645.661,45.823914635,5056
0.805,0.085,0.755,27.6039,45.823914635,5056
0.805,0.085,0.765,469.681,45.823914635,5056
0.805,0.095,0.755,28.0162,45.823914635,5056
0.805,0.095,0.765,365.451,45.823914635,5056
0.805,0.105,0.755,35.77,45.823914635,5056
0.805,0.105,0.765,348.508,45.823914635,5056
0.805,0.115,0.755,36.3355,45.823914635,5056
0.805,0.115,0.765,432.495,45.823914635,5056
0.805,0.125,0.755,36.6593,45.823914635,5056
0.805,0.125,0.765,493.165,45.823914635,5056
0.805,0.135,0.755,36.9315,45.823914635,5056
0.805,0.135,0.765,479.039,45.823914635,5056
0.805,0.145,0.755,44.2198,45.823914635,5056
0.805,0.145,0.765,467.473,45.823914635,5056
0.805,0.155,0.755,44.4568,45.823914635,5056
0.805,0.155,0.765,466.721,45.823914635,5056
0.805,0.165,0.755,34.8928,45.823914635,5056
0.805,0.165,0.765,473.266,45.823914635,5056
0.805,0.175,0.755,18.3673,45.823914635,5056
0.805,0.175,0.765,425.308,45.823914635,5056
0.805,0.185,0.755,10.6533,45.823914635,5056
0.805,0.185,0.765,351.562,45.823914635,5056
0.805,0.195,0.755,10.5534,45.823914635,5056
0.805,0.195,0.765,319.244,45.823914635,5056
0.815,-0.195,0.755,18.2286,45.823914635,5056
0.815,-0.195,0.765,144.209,45.823914635,5056
0.815,-0.185,0.755,26.2084,45.823914635,5056
0.815,-0.185,0.765,155.666,45.823914635,5056
0.815,-0.175,0.755,26.5146,45.823914635,5056
0.815,-0.175,0.765,181.331,45.823914635,5056
0.815,-0.165,0.755,26.8324,45.823914635,5056
0.815,-0.165,0.765,139.26,45.823914635,5056
0.815,-0.155,0.755,27.0622,45.823914635,5056
0.815,-0.155,0.765,133.722,45.823914635,5056
0.815,-0.145,0.755,31.4765,45.823914635,5056
0.815,-0.145,0.765,116.213,45.823914635,5056
0.815,-0.135,0.755,64.9136,45.823914635,5056
0.815,-0.135,0.765,139.014,45.823914635,5056
0.815,-0.125,0.755,60.093,45.823914635,5056
0.815,-0.125,0.765,149.519,45.823914635,5056
0.815,-0.115,0.755,54.9491,45.823914635,5056
0.815,-0.115,0.765,164.199,45.823914635,5056
0.815,-0.105,0.755,63.8235,45.823914635,5056
0.815,-0.105,0.765,161.973,45.823914635,5056
0.815,-0.095,0.755,55.0699,45.823914635,5056
0.815,-0.095,0.765,172.705,45.823914635,5056
0.815,-0.085,0.755,35.265,45.823914635,5056
0.815,-0.085,0.765,209.356,45.823914635,5056
0.815,-0.075,0.755,35.8525,45.823914635,5056
0.815,-0.075,0.765,250.5,45.823914635,5056
0.815,-0.065,0.755,47.223,45.823914635,5056
0.815,-0.065,0.765,280.749,45.823914635,5056
0.815,-0.055,0.755,47.7492,45.823914635,5056
0.815,-0.055,0.765,422.867,45.823914635,5056
0.815,-0.045,0.755,48.3425,45.823914635,5056
0.815,-0.045,0.765,497.755,45.823914635,5056
0.815,-0.035,0.755,37.6053,45.823914635,5056
0.815,-0.035,0.765,466.7,45.823914635,5056
0.815,-0.025,0.755,27.8545,45.823914635,5056
0.815,-0.025,0.765,436.244,45.823914635,5056
0.815,-0.015,0.765,582.64,45.823914635,5056
0.815,-0.005,0.765,692.099,45.823914635,5056
0.815,0.005,0.765,753.192,45.823914635,5056
0.815,0.015,0.765,790.81,45.823914635,5056
0.815,0.025,0.765,819.572,45.823914635,5056
0.815,0.035,0.765,805.78,45.823914635,5056
0.815,0.045,0.765,743.513,45.823914635,5056
0.815,0.055,0.755,8.43977,45.823914635,5056
0.815,0.055,0.765,712.976,45.823914635,5056
0.815,0.065,0.755,16.9381,45.823914635,5056
0.815,0.065,0.765,705.82,45.823914635,5056
0.815,0.075,0.755,26.7336,45.823914635,5056
0.815,0.075,0.765,643.194,45.823914635,5056
0.815,0.085,0.755,27.2002,45.823914635,5056
0.815,0.085,0.765,572.14,45.823914635,5056
0.815,0.095,0.755,34.8087,45.823914635,5056
0.815,0.095,0.765,370.504,45.823914635,5056
0.815,0.105,0.755,35.3624,45.823914635,5056
0.815,0.105,0.765,346.549,45.823914635,5056
0.815,0.115,0.755,35.7379,45.823914635,5056
0.815,0.115,0.765,408.511,45.823914635,5056
0.815,0.125,0.755,42.8346,45.823914635,5056
0.815,0.125,0.765,489.261,45.823914635,5056
0.815,0.135,0.755,43.2713,45.823914635,5056
0.815,0.135,0.765,535.212,45.823914635,5056
0.815,0.145,0.755,34.0244,45.823914635,5056
0.815,0.145,0.765,510.5,45.823914635,5056
0.815,0.155,0.755,34.2418,45.823914635,5056
0.815,0.155,0.765,508.808,45.823914635,5056
0.815,0.165,0.755,34.4161,45.823914635,5056
0.815,0.165,0.765,484.11,45.823914635,5056
0.815,0.175,0.755,25.1854,45.823914635,5056
0.815,0.175,0.765,465.655,45.823914635,5056
0.815,0.185,0.755,25.1312,45.823914635,5056
0.815,0.185,0.765,429.333,45.823914635,5056
0.815,0.195,0.755,10.4451,45.823914635,5056
0.815,0.195,0.765,384.499,45.823914635,5056
0.825,-0.195,0.755,25.6012,45.823914635,5056
0.825,-0.195,0.765,206.345,45.823914635,5056
0.825,-0.185,0.755,26.0167,45.823914635,5056
0.825,-0.185,0.765,219.298,45.823914635,5056
0.825,-0.175,0.755,26.3725,45.823914635,5056
0.825,-0.175,0.765,222.366,45.823914635,5056
0.825,-0.165,0.755,26.6498,45.823914635,5056
0.825,-0.165,0.765,234.736,45.823914635,5056
0.825,-0.155,0.755,26.9063,45.823914635,5056
0.825,-0.155,0.765,44.0509,45.823914635,5056
0.825,-0.145,0.755,27.1479,45.823914635,5056
0.825,-0.145,0.765,69.9743,45.823914635,5056
0.825,-0.135,0.755,36.7369,45.823914635,5056
0.825,-0.135,0.765,76.9402,45.823914635,5056
0.825,-0.125,0.755,29.0871,45.823914635,5056
0.825,-0.125,0.765,109.357,45.823914635,5056
0.825,-0.115,0.755,63.9499,45.823914635,5056
0.825,-0.115,0.765,106.619,45.823914635,5056
0.825,-0.105,0.755,53.1926,45.823914635,5056
0.825,-0.105,0.765,131.25,45.823914635,5056
0.825,-0.095,0.755,54.5659,45.823914635,5056
0.825,-0.095,0.765,155.392,45.823914635,5056
0.825,-0.085,0.755,45.3086,45.823914635,5056
0.825,-0.085,0.765,202.387,45.823914635,5056
0.825,-0.075,0.755,35.5194,45.823914635,5056
0.825,-0.075,0.765,228.062,45.823914635,5056
0.825,-0.065,0.755,46.7062,45.823914635,5056
0.825,-0.065,0.765,281.392,45.823914635,5056
0.825,-0.055,0.755,47.2173,45.823914635,5056
0.825,-0.055,0.765,404.586,45.823914635,5056
0.825,-0.045,0.755,47.8249,45.823914635,5056
0.825,-0.045,0.765,496.804,45.823914635,5056
0.825,-0.035,0.755,27.364,45.823914635,5056
0.825,-0.035,0.765,547.581,45.823914635,5056
0.825,-0.025,0.765,575.915,45.823914635,5056
0.825,-0.015,0.765,681.216,45.823914635,5056
0.825,-0.005,0.765,718.513,45.823914635,5056
0.825,0.005,0.765,725.691,45.823914635,5056
0.825,0.015,0.765,729.499,45.823914635,5056
0.825,0.025,0.765,774.597,45.823914635,5056
0.825,0.035,0.765,748.304,45.823914635,5056
0.825,0.045,0.765,679.441,45.823914635,5056
0.825,0.055,0.765,671.487,45.823914635,5056
0.825,0.065,0.755,16.6399,45.823914635,5056
0.825,0.065,0.765,641.43,45.823914635,5056
0.825,0.075,0.755,33.211,45.823914635,5056
0.825,0.075,0.765,601.722,45.823914635,5056
0.825,0.085,0.755,33.8619,45.823914635,5056
0.825,0.085,0.765,519.444,45.823914635,5056
0.825,0.095,0.755,34.2647,45.823914635,5056
0.825,0.095,0.765,353.548,45.823914635,5056
0.825,0.105,0.755,41.1528,45.823914635,5056
0.825,0.105,0.765,342.366,45.823914635,5056
0.825,0.115,0.755,41.8135,45.823914635,5056
0.825,0.115,0.765,352.116,45.823914635,5056
0.825,0.125,0.745,8.7239,45.823914635,5056
0.825,0.125,0.755,42.1646,45.823914635,5056
0.825,0.125,0.765,389.98,45.823914635,5056
0.825,0.135,0.745,8.79031,45.823914635,5056
0.825,0.135,0.755,33.3008,45.823914635,5056
0.825,0.135,0.765,502.324,45.823914635,5056
0.825,0.145,0.755,42.7993,45.823914635,5056
0.825,0.145,0.765,491.356,45.823914635,5056
0.825,0.155,0.755,33.6843,45.823914635,5056
0.825,0.155,0.765,488.453,45.823914635,5056
0.825,0.165,0.755,33.8393,45.823914635,5056
0.825,0.165,0.765,483.236,45.823914635,5056
0.825,0.175,0.755,33.7913,45.823914635,5056
0.825,0.175,0.765,431.666,45.823914635,5056
0.825,0.185,0.755,24.809,45.823914635,5056
0.825,0.185,0.765,407.467,45.823914635,5056
0.825,0.195,0.755,24.7702,45.823914635,5056
0.825,0.195,0.765,408.659,45.823914635,5056
0.835,-0.195,0.755,32.5326,45.823914635,5056
0.835,-0.195,0.765,236.955,45.823914635,5056
0.835,-0.185,0.755,32.9963,45.823914635,5056
0.835,-0.185,0.765,276.168,45.823914635,5056
0.835,-0.175,0.755,33.3913,45.823914635,5056
0.835,-0.175,0.765,280.611,45.823914635,5056
0.835,-0.165,0.755,33.7468,45.823914635,5056
0.835,-0.165,0.765,313.079,45.823914635,5056
0.835,-0.155,0.755,34.1458,45.823914635,5056
0.835,-0.155,0.765,273.38,45.823914635,5056
0.835,-0.145,0.755,37.2771,45.823914635,5056
0.835,-0.145,0.765,102.944,45.823914635,5056
0.835,-0.135,0.755,46.9642,45.823914635,5056
0.835,-0.135,0.765,123.731,45.823914635,5056
0.835,-0.125,0.755,37.7356,45.823914635,5056
0.835,-0.125,0.765,145.689,45.823914635,5056
0.835,-0.115,0.755,38.8799,45.823914635,5056
0.835,-0.115,0.765,143.56,45.823914635,5056
0.835,-0.105,0.755,43.7935,45.823914635,5056
0.835,-0.105,0.765,185.73,45.823914635,5056
0.835,-0.095,0.755,24.9027,45.823914635,5056
0.835,-0.095,0.765,189.621,45.823914635,5056
0.835,-0.085,0.755,25.3664,45.823914635,5056
0.835,-0.085,0.765,207.454,45.823914635,5056
0.835,-0.075,0.755,25.8337,45.823914635,5056
0.835,-0.075,0.765,218.263,45.823914635,5056
0.835,-0.065,0.755,45.9848,45.823914635,5056
0.835,-0.065,0.765,234.066,45.823914635,5056
0.835,-0.055,0.755,36.1333,45.823914635,5056
0.835,-0.055,0.765,261.393,45.823914635,5056
0.835,-0.045,0.755,37.4925,45.823914635,5056
0.835,-0.045,0.765,481.726,45.823914635,5056
0.835,-0.035,0.755,12.809,45.823914635,5056
0.835,-0.035,0.765,456.206,45.823914635,5056
0.835,-0.025,0.765,642.554,45.823914635,5056
0.835,-0.015,0.765,750.423,45.823914635,5056
0.835,-0.005,0.765,750.35,45.823914635,5056
0.835,0.005,0.765,793.822,45.823914635,5056
0.835,0.015,0.765,790.882,45.823914635,5056
0.835,0.025,0.765,760.677,45.823914635,5056
0.835,0.035,0.765,605.291,45.823914635,5056
0.835,0.045,0.765,568.438,45.823914635,5056
0.835,0.055,0.765,592.038,45.823914635,5056
0.835,0.065,0.755,8.06018,45.823914635,5056
0.835,0.065,0.765,584.666,45.823914635,5056
0.835,0.075,0.755,24.264,45.823914635,5056
0.835,0.075,0.765,566.506,45.823914635,5056
0.835,0.085,0.755,33.1458,45.823914635,5056
0.835,0.085,0.765,499.94,45.823914635,5056
0.835,0.095,0.755,40.0723,45.823914635,5056
0.835,0.095,0.765,358.388,45.823914635,5056
0.835,0.105,0.755,40.6201,45.823914635,5056
0.835,0.105,0.765,333.479,45.823914635,5056
0.835,0.115,0.755,40.9818,45.823914635,5056
0.835,0.115,0.765,322.118,45.823914635,5056
0.835,0.125,0.745,8.59936,45.823914635,5056
0.835,0.125,0.755,32.4546,45.823914635,5056
0.835,0.125,0.765,357.71,45.823914635,5056
0.835,0.135,0.755,32.7041,45.823914635,5056
0.835,0.135,0.765,384.238,45.823914635,5056
0.835,0.145,0.755,32.9587,45.823914635,5056
0.835,0.145,0.765,379.501,45.823914635,5056
0.835,0.155,0.755,33.157,45.823914635,5056
0.835,0.155,0.765,376.859,45.823914635,5056
0.835,0.165,0.755,33.297,45.823914635,5056
0.835,0.165,0.765,391.554,45.823914635,5056
0.835,0.175,0.755,24.4757,45.823914635,5056
0.835,0.175,0.765,376.202,45.823914635,5056
0.835,0.185,0.755,24.4833,45.823914635,5056
0.835,0.185,0.765,374.538,45.823914635,5056
0.835,0.195,0.755,24.4847,45.823914635,5056
0.835,0.195,0.765,316.359,45.823914635,5056
0.845,-0.195,0.755,32.2285,45.823914635,5056
0.845,-0.195,0.765,270.1,45.823914635,5056
0.845,-0.185,0.755,32.6768,45.823914635,5056
0.845,-0.185,0.765,285.039,45.823914635,5056
0.845,-0.175,0.755,33.0703,45.823914635,5056
0.845,-0.175,0.765,319.969,45.823914635,5056
0.845,-0.165,0.755,33.4665,45.823914635,5056
0.845,-0.165,0.765,368.369,45.823914635,5056
0.845,-0.155,0.755,33.7745,45.823914635,5056
0.845,-0.155,0.765,381.606,45.823914635,5056
0.845,-0.145,0.755,34.0828,45.823914635,5056
0.845,-0.145,0.765,285.555,45.823914635,5056
0.845,-0.135,0.755,34.3459,45.823914635,5056
0.845,-0.135,0.765,154.915,45.823914635,5056
0.845,-0.125,0.755,27.039,45.823914635,5056
0.845,-0.125,0.765,159.219,45.823914635,5056
0.845,-0.115,0.755,36.6221,45.823914635,5056
0.845,-0.115,0.765,167.358,45.823914635,5056
0.845,-0.105,0.755,30.4459,45.823914635,5056
0.845,-0.105,0.765,214.823,45.823914635,5056
0.845,-0.095,0.755,34.4542,45.823914635,5056
0.845,-0.095,0.765,252.65,45.823914635,5056
0.845,-0.085,0.755,25.0245,45.823914635,5056
0.845,-0.085,0.765,229.475,45.823914635,5056
0.845,-0.075,0.755,25.4578,45.823914635,5056
0.845,-0.075,0.765,243.496,45.823914635,5056
0.845,-0.065,0.755,35.1331,45.823914635,5056
0.845,-0.065,0.765,251.482,45.823914635,5056
0.845,-0.055,0.755,32.52,45.823914635,5056
0.845,-0.055,0.765,285.019,45.823914635,5056
0.845,-0.045,0.755,19.983,45.823914635,5056
0.845,-0.045,0.765,257.78,45.823914635,5056
0.845,-0.035,0.765,292.846,45.823914635,5056
0.845,-0.025,0.765,524.985,45.823914635,5056
0.845,-0.015,0.765,657.565,45.823914635,5056
0.845,-0.005,0.765,719.447,45.823914635,5056
0.845,0.005,0.765,731.985,45.823914635,5056
0.845,0.015,0.765,728.212,45.823914635,5056
0.845,0.025,0.765,626.808,45.823914635,5056
0.845,0.035,0.765,618.233,45.823914635,5056
0.845,0.045,0.765,572.026,45.823914635,5056
0.845,0.055,0.765,585.204,45.823914635,5056
0.845,0.065,0.755,7.81469,45.823914635,5056
0.845,0.065,0.765,543.438,45.823914635,5056
0.845,0.075,0.755,23.8256,45.823914635,5056
0.845,0.075,0.765,522.691,45.823914635,5056
0.845,0.085,0.755,30.5098,45.823914635,5056
0.845,0.085,0.765,474.773,45.823914635,5056
0.845,0.095,0.755,30.909,45.823914635,5056
0.845,0.095,0.765,382.53,45.823914635,5056
0.845,0.105,0.755,31.2757,45.823914635,5056
0.845,0.105,0.765,466.966,45.823914635,5056
0.845,0.115,0.755,31.6091,45.823914635,5056
0.845,0.115,0.765,531.555,45.823914635,5056
0.845,0.125,0.755,31.9128,45.823914635,5056
0.845,0.125,0.765,484.375,45.823914635,5056
0.845,0.135,0.755,32.1292,45.823914635,5056
0.845,0.135,0.765,442.062,45.823914635,5056
0.845,0.145,0.755,32.3524,45.823914635,5056
0.845,0.145,0.765,364.403,45.823914635,5056
0.845,0.155,0.755,23.8263,45.823914635,5056
0.845,0.155,0.765,356.398,45.823914635,5056
0.845,0.165,0.755,23.9297,45.823914635,5056
0.845,0.165,0.765,349.447,45.823914635,5056
0.845,0.175,0.755,24.0614,45.823914635,5056
0.845,0.175,0.765,316.108,45.823914635,5056
0.845,0.185,0.755,24.1278,45.823914635,5056
0.845,0.185,0.765,307.753,45.823914635,5056
0.845,0.195,0.755,24.1402,45.823914635,5056
0.845,0.195,0.765,294.828,45.823914635,5056
0.855,-0.195,0.755,31.8383,45.823914635,5056
0.855,-0.195,0.765,289.299,45.823914635,5056
0.855,-0.185,0.755,32.2543,45.823914635,5056
0.855,-0.185,0.765,341.088,45.823914635,5056
0.855,-0.175,0.755,32.6672,45.823914635,5056
0.855,-0.175,0.765,377.358,45.823914635,5056
0.855,-0.165,0.755,51.489,45.823914635,5056
0.855,-0.165,0.765,434.057,45.823914635,5056
0.855,-0.155,0.755,52.1481,45.823914635,5056
0.855,-0.155,0.765,428.815,45.823914635,5056
0.855,-0.145,0.755,52.7426,45.823914635,5056
0.855,-0.145,0.765,377.089,45.823914635,5056
0.855,-0.135,0.755,53.2654,45.823914635,5056
0.855,-0.135,0.765,251.271,45.823914635,5056
0.855,-0.125,0.755,53.6218,45.823914635,5056
0.855,-0.125,0.765,210.648,45.823914635,5056
0.855,-0.115,0.755,55.8119,45.823914635,5056
0.855,-0.115,0.765,216.141,45.823914635,5056
0.855,-0.105,0.765,208.857,45.823914635,5056
0.855,-0.095,0.755,11.6647,45.823914635,5056
0.855,-0.095,0.765,255.524,45.823914635,5056
0.855,-0.085,0.755,11.8641,45.823914635,5056
0.855,-0.085,0.765,231.88,45.823914635,5056
0.855,-0.075,0.755,20.9624,45.823914635,5056
0.855,-0.075,0.765,228.572,45.823914635,5056
0.855,-0.065,0.755,21.2747,45.823914635,5056
0.855,-0.065,0.765,256.756,45.823914635,5056
0.855,-0.055,0.765,263.812,45.823914635,5056
0.855,-0.045,0.765,296.32,45.823914635,5056
0.855,-0.035,0.765,337.058,45.823914635,5056
0.855,-0.025,0.765,354.385,45.823914635,5056
0.855,-0.015,0.765,373.773,45.823914635,5056
0.855,-0.005,0.765,494.118,45.823914635,5056
0.855,0.005,0.765,579.477,45.823914635,5056
0.855,0.015,0.765,573.113,45.823914635,5056
0.855,0.025,0.765,581.32,45.823914635,5056
0.855,0.035,0.765,585.452,45.823914635,5056
0.855,0.045,0.765,578.511,45.823914635,5056
0.855,0.055,0.765,589.581,45.823914635,5056
0.855,0.065,0.765,581.613,45.823914635,5056
0.855,0.075,0.755,29.4968,45.823914635,5056
0.855,0.075,0.765,554.087,45.823914635,5056
0.855,0.085,0.755,35.2661,45.823914635,5056
0.855,0.085,0.765,559.397,45.823914635,5056
0.855,0.095,0.755,43.6732,45.823914635,5056
0.855,0.095,0.765,497.649,45.823914635,5056
0.855,0.105,0.755,44.1364,45.823914635,5056
0.855,0.105,0.765,548.124,45.823914635,5056
0.855,0.115,0.755,44.4692,45.823914635,5056
0.855,0.115,0.765,577.471,45.823914635,5056
0.855,0.125,0.755,31.2921,45.823914635,5056
0.855,0.125,0.765,636.046,45.823914635,5056
0.855,0.135,0.755,23.1318,45.823914635,5056
0.855,0.135,0.765,572.333,45.823914635,5056
0.855,0.145,0.755,23.2579,45.823914635,5056
0.855,0.145,0.765,481.019,45.823914635,5056
0.855,0.155,0.755,23.3748,45.823914635,5056
0.855,0.155,0.765,432.414,45.823914635,5056
0.855,0.165,0.755,23.4568,45.823914635,5056
0.855,0.165,0.765,332.352,45.823914635,5056
0.855,0.175,0.755,23.5597,45.823914635,5056
0.855,0.175,0.765,329.166,45.823914635,5056
0.855,0.185,0.755,23.6378,45.823914635,5056
0.855,0.185,0.765,317.144,45.823914635,5056
0.855,0.195,0.755,13.9208,45.823914635,5056
0.855,0.195,0.765,317.614,45.823914635,5056
0.865,-0.195,0.755,39.472,45.823914635,5056
0.865,-0.195,0.765,294.19,45.823914635,5056
0.865,-0.185,0.755,40.0114,45.823914635,5056
0.865,-0.185,0.765,369.575,45.823914635,5056
0.865,-0.175,0.755,58.4971,45.823914635,5056
0.865,-0.175,0.765,400.344,45.823914635,5056
0.865,-0.165,0.755,59.3336,45.823914635,5056
0.865,-0.165,0.765,414.892,45.823914635,5056
0.865,-0.155,0.755,74.0145,45.823914635,5056
0.865,-0.155,0.765,433.525,45.823914635,5056
0.865,-0.145,0.755,66.5393,45.823914635,5056
0.865,-0.145,0.765,433.481,45.823914635,5056
0.865,-0.135,0.755,81.7066,45.823914635,5056
0.865,-0.135,0.765,339.963,45.823914635,5056
0.865,-0.125,0.755,82.4471,45.823914635,5056
0.865,-0.125,0.765,274.351,45.823914635,5056
0.865,-0.115,0.755,73.2048,45.823914635,5056
0.865,-0.115,0.765,256.947,45.823914635,5056
0.865,-0.105,0.755,42.3097,45.823914635,5056
0.865,-0.105,0.765,242.822,45.823914635,5056
0.865,-0.095,0.755,9.65751,45.823914635,5056
0.865,-0.095,0.765,275.817,45.823914635,5056
0.865,-0.085,0.755,8.82697,45.823914635,5056
0.865,-0.085,0.765,259.294,45.823914635,5056
0.865,-0.075,0.755,8.93087,45.823914635,5056
0.865,-0.075,0.765,248.001,45.823914635,5056
0.865,-0.065,0.765,251.011,45.823914635,5056
0.865,-0.055,0.765,285.256,45.823914635,5056
0.865,-0.045,0.755,9.16371,45.823914635,5056
0.865,-0.045,0.765,296.844,45.823914635,5056
0.865,-0.035,0.765,307.948,45.823914635,5056
0.865,-0.025,0.765,321.203,45.823914635,5056
0.865,-0.015,0.765,315.078,45.823914635,5056
0.865,-0.005,0.765,454.893,45.823914635,5056
0.865,0.005,0.765,441.271,45.823914635,5056
0.865,0.015,0.765,455.444,45.823914635,5056
0.865,0.025,0.765,498.267,45.823914635,5056
0.865,0.035,0.765,545.633,45.823914635,5056
0.865,0.045,0.765,570.739,45.823914635,5056
0.865,0.055,0.765,621.702,45.823914635,5056
0.865,0.065,0.755,12.8575,45.823914635,5056
0.865,0.065,0.765,645.314,45.823914635,5056
0.865,0.075,0.755,28.1938,45.823914635,5056
0.865,0.075,0.765,650.352,45.823914635,5056
0.865,0.085,0.755,34.8098,45.823914635,5056
0.865,0.085,0.765,513.286,45.823914635,5056
0.865,0.095,0.755,35.1569,45.823914635,5056
0.865,0.095,0.765,476.007,45.823914635,5056
0.865,0.105,0.755,43.3905,45.823914635,5056
0.865,0.105,0.765,514.995,45.823914635,5056
0.865,0.115,0.755,35.7942,45.823914635,5056
0.865,0.115,0.765,549.573,45.823914635,5056
0.865,0.125,0.755,35.9219,45.823914635,5056
0.865,0.125,0.765,580.895,45.823914635,5056
0.865,0.135,0.755,36.1619,45.823914635,5056
0.865,0.135,0.765,621.495,45.823914635,5056
0.865,0.145,0.755,22.796,45.823914635,5056
0.865,0.145,0.765,520.443,45.823914635,5056
0.865,0.155,0.755,22.913,45.823914635,5056
0.865,0.155,0.765,506.507,45.823914635,5056
0.865,0.165,0.755,23.0224,45.823914635,5056
0.865,0.165,0.765,428.96,45.823914635,5056
0.865,0.175,0.755,23.0967,45.823914635,5056
0.865,0.175,0.765,343.483,45.823914635,5056
0.865,0.185,0.755,13.6264,45.823914635,5056
0.865,0.185,0.765,331.356,45.823914635,5056
0.865,0.195,0.755,13.6661,45.823914635,5056
0.865,0.195,0.765,300.989,45.823914635,5056
0.875,-0.195,0.755,30.2394,45.823914635,5056
0.875,-0.195,0.765,348.725,45.823914635,5056
0.875,-0.185,0.755,30.5987,45.823914635,5056
0.875,-0.185,0.765,398.778,45.823914635,5056
0.875,-0.175,0.755,57.9025,45.823914635,5056
0.875,-0.175,0.765,405.123,45.823914635,5056
0.875,-0.165,0.755,72.4188,45.823914635,5056
0.875,-0.165,0.765,418.702,45.823914635,5056
0.875,-0.155,0.755,87.4916,45.823914635,5056
0.875,-0.155,0.765,464.845,45.823914635,5056
0.875,-0.145,0.755,88.5632,45.823914635,5056
0.875,-0.145,0.765,429.4,45.823914635,5056
0.875,-0.135,0.755,105.711,45.823914635,5056
0.875,-0.135,0.765,312.269,45.823914635,5056
0.875,-0.125,0.755,89.1261,45.823914635,5056
0.875,-0.125,0.765,290.67,45.823914635,5056
0.875,-0.115,0.755,73.5669,45.823914635,5056
0.875,-0.115,0.765,319.784,45.823914635,5056
0.875,-0.105,0.755,73.398,45.823914635,5056
0.875,-0.105,0.765,299.868,45.823914635,5056
0.875,-0.095,0.755,29.7704,45.823914635,5056
0.875,-0.095,0.765,272.239,45.823914635,5056
0.875,-0.085,0.765,284.229,45.823914635,5056
0.875,-0.075,0.755,8.76413,45.823914635,5056
0.875,-0.075,0.765,255.952,45.823914635,5056
0.875,-0.065,0.765,232.326,45.823914635,5056
0.875,-0.055,0.765,241.944,45.823914635,5056
0.875,-0.045,0.765,268.82,45.823914635,5056
0.875,-0.035,0.765,275.27,45.823914635,5056
0.875,-0.025,0.765,290.914,45.823914635,5056
0.875,-0.015,0.765,305.781,45.823914635,5056
0.875,-0.005,0.765,312.61,45.823914635,5056
0.875,0.005,0.765,364.41,45.823914635,5056
0.875,0.015,0.765,434.162,45.823914635,5056
0.875,0.025,0.765,468.518,45.823914635,5056
0.875,0.035,0.765,453.827,45.823914635,5056
0.875,0.045,0.765,553.636,45.823914635,5056
0.875,0.055,0.755,12.5949,45.823914635,5056
0.875,0.055,0.765,601.181,45.823914635,5056
0.875,0.065,0.755,12.8324,45.823914635,5056
0.875,0.065,0.765,638.35,45.823914635,5056
0.875,0.075,0.755,19.3393,45.823914635,5056
0.875,0.075,0.765,509.268,45.823914635,5056
0.875,0.085,0.755,34.3083,45.823914635,5056
0.875,0.085,0.765,433.912,45.823914635,5056
0.875,0.095,0.755,47.3871,45.823914635,5056
0.875,0.095,0.765,428.689,45.823914635,5056
0.875,0.105,0.755,34.9924,45.823914635,5056
0.875,0.105,0.765,400.04,45.823914635,5056
0.875,0.115,0.755,48.1712,45.823914635,5056
0.875,0.115,0.765,491.863,45.823914635,5056
0.875,0.125,0.755,48.4474,45.823914635,5056
0.875,0.125,0.765,637.971,45.823914635,5056
0.875,0.135,0.755,35.6139,45.823914635,5056
0.875,0.135,0.765,615.153,45.823914635,5056
0.875,0.145,0.755,22.4182,45.823914635,5056
0.875,0.145,0.765,623.352,45.823914635,5056
0.875,0.155,0.755,22.5088,45.823914635,5056
0.875,0.155,0.765,580.179,45.823914635,5056
0.875,0.165,0.755,22.6198,45.823914635,5056
0.875,0.165,0.765,511.953,45.823914635,5056
0.875,0.175,0.755,13.3367,45.823914635,5056
0.875,0.175,0.765,373.461,45.823914635,5056
0.875,0.185,0.755,13.3792,45.823914635,5056
0.875,0.185,0.765,332.703,45.823914635,5056
0.875,0.195,0.755,13.3949,45.823914635,5056
0.875,0.195,0.765,314.852,45.823914635,5056
0.885,-0.195,0.755,29.8717,45.823914635,5056
0.885,-0.195,0.765,369.47,45.823914635,5056
0.885,-0.185,0.755,47.6175,45.823914635,5056
0.885,-0.185,0.765,409.468,45.823914635,5056
0.885,-0.175,0.755,48.3653,45.823914635,5056
0.885,-0.175,0.765,423.399,45.823914635,5056
0.885,-0.165,0.755,76.4283,45.823914635,5056
0.885,-0.165,0.765,443.447,45.823914635,5056
0.885,-0.155,0.755,93.3321,45.823914635,5056
0.885,-0.155,0.765,463.932,45.823914635,5056
0.885,-0.145,0.755,94.6492,45.823914635,5056
0.885,-0.145,0.765,380,45.823914635,5056
0.885,-0.135,0.755,106.508,45.823914635,5056
0.885,-0.135,0.765,327.154,45.823914635,5056
0.885,-0.125,0.755,117.721,45.823914635,5056
0.885,-0.125,0.765,288.623,45.823914635,5056
0.885,-0.115,0.755,94.1065,45.823914635,5056
0.885,-0.115,0.765,317.558,45.823914635,5056
0.885,-0.105,0.755,77.0706,45.823914635,5056
0.885,-0.105,0.765,317.379,45.823914635,5056
0.885,-0.095,0.755,46.6099,45.823914635,5056
0.885,-0.095,0.765,285.65,45.823914635,5056
0.885,-0.085,0.755,32.0378,45.823914635,5056
0.885,-0.085,0.765,310.534,45.823914635,5056
0.885,-0.075,0.765,283.426,45.823914635,5056
0.885,-0.065,0.765,228.257,45.823914635,5056
0.885,-0.055,0.765,220.872,45.823914635,5056
0.885,-0.045,0.765,264.676,45.823914635,5056
0.885,-0.035,0.765,270.578,45.823914635,5056
0.885,-0.025,0.765,284.061,45.823914635,5056
0.885,-0.015,0.765,268.855,45.823914635,5056
0.885,-0.005,0.765,264.312,45.823914635,5056
0.885,0.005,0.765,281.859,45.823914635,5056
0.885,0.015,0.765,330.603,45.823914635,5056
0.885,0.025,0.765,344.598,45.823914635,5056
0.885,0.035,0.765,361.912,45.823914635,5056
0.885,0.045,0.765,390.012,45.823914635,5056
0.885,0.055,0.755,12.5169,45.823914635,5056
0.885,0.055,0.765,402.404,45.823914635,5056
0.885,0.065,0.755,18.9043,45.823914635,5056
0.885,0.065,0.765,434.905,45.823914635,5056
0.885,0.075,0.755,19.1169,45.823914635,5056
0.885,0.075,0.765,443.598,45.823914635,5056
0.885,0.085,0.755,33.5163,45.823914635,5056
0.885,0.085,0.765,401.933,45.823914635,5056
0.885,0.095,0.755,25.5467,45.823914635,5056
0.885,0.095,0.765,353,45.823914635,5056
0.885,0.105,0.755,34.4894,45.823914635,5056
0.885,0.105,0.765,381.657,45.823914635,5056
0.885,0.115,0.755,34.7683,45.823914635,5056
0.885,0.115,0.765,368.798,45.823914635,5056
0.885,0.125,0.755,34.9495,45.823914635,5056
0.885,0.125,0.765,501.834,45.823914635,5056
0.885,0.135,0.755,35.1591,45.823914635,5056
0.885,0.135,0.765,638.24,45.823914635,5056
0.885,0.145,0.755,35.2652,45.823914635,5056
0.885,0.145,0.765,651.306,45.823914635,5056
0.885,0.155,0.755,22.038,45.823914635,5056
0.885,0.155,0.765,602.287,45.823914635,5056
0.885,0.165,0.755,22.0594,45.823914635,5056
0.885,0.165,0.765,513.675,45.823914635,5056
0.885,0.175,0.755,13.0869,45.823914635,5056
0.885,0.175,0.765,415.255,45.823914635,5056
0.885,0.185,0.755,6.27117,45.823914635,5056
0.885,0.185,0.765,327.901,45.823914635,5056
0.885,0.195,0.755,13.0887,45.823914635,5056
0.885,0.195,0.765,259.689,45.823914635,5056
0.895,-0.195,0.755,21.4687,45.823914635,5056
0.895,-0.195,0.765,402.289,45.823914635,5056
0.895,-0.185,0.755,21.7449,45.823914635,5056
0.895,-0.185,0.765,419.85,45.823914635,5056
0.895,-0.175,0.755,52.7634,45.823914635,5056
0.895,-0.175,0.765,433.584,45.823914635,5056
0.895,-0.165,0.755,75.6542,45.823914635,5056
0.895,-0.165,0.765,460.791,45.823914635,5056
0.895,-0.155,0.755,112.481,45.823914635,5056
0.895,-0.155,0.765,455.394,45.823914635,5056
0.895,-0.145,0.755,105.777,45.823914635,5056
0.895,-0.145,0.765,386.407,45.823914635,5056
0.895,-0.135,0.755,107.146,45.823914635,5056
0.895,-0.135,0.765,300.568,45.823914635,5056
0.895,-0.125,0.755,108.179,45.823914635,5056
0.895,-0.125,0.765,292.591,45.823914635,5056
0.895,-0.115,0.755,86.3718,45.823914635,5056
0.895,-0.115,0.765,321.56,45.823914635,5056
0.895,-0.105,0.755,86.9851,45.823914635,5056
0.895,-0.105,0.765,272.045,45.823914635,5056
0.895,-0.095,0.755,87.1876,45.823914635,5056
0.895,-0.095,0.765,287.362,45.823914635,5056
0.895,-0.085,0.755,42.9212,45.823914635,5056
0.895,-0.085,0.765,294.419,45.823914635,5056
0.895,-0.075,0.755,14.7488,45.823914635,5056
0.895,-0.075,0.765,265.747,45.823914635,5056
0.895,-0.065,0.765,228.307,45.823914635,5056
0.895,-0.055,0.765,221.993,45.823914635,5056
0.895,-0.045,0.765,243.836,45.823914635,5056
0.895,-0.035,0.765,237.413,45.823914635,5056
0.895,-0.025,0.765,261.18,45.823914635,5056
0.895,-0.015,0.765,264.298,45.823914635,5056
0.895,-0.005,0.765,257.752,45.823914635,5056
0.895,0.005,0.765,252.637,45.823914635,5056
0.895,0.015,0.765,265.485,45.823914635,5056
0.895,0.025,0.765,284.748,45.823914635,5056
0.895,0.035,0.765,316.43,45.823914635,5056
0.895,0.045,0.755,12.2072,45.823914635,5056
0.895,0.045,0.765,332.68,45.823914635,5056
0.895,0.055,0.755,12.3874,45.823914635,5056
0.895,0.055,0.765,345.61,45.823914635,5056
0.895,0.065,0.755,12.6027,45.823914635,5056
0.895,0.065,0.765,331.871,45.823914635,5056
0.895,0.075,0.755,24.5375,45.823914635,5056
0.895,0.075,0.765,356.028,45.823914635,5056
0.895,0.085,0.755,24.8544,45.823914635,5056
0.895,0.085,0.765,355.029,45.823914635,5056
0.895,0.095,0.755,25.1465,45.823914635,5056
0.895,0.095,0.765,358.594,45.823914635,5056
0.895,0.105,0.755,25.3472,45.823914635,5056
0.895,0.105,0.765,351.662,45.823914635,5056
0.895,0.115,0.755,25.5174,45.823914635,5056
0.895,0.115,0.765,329.155,45.823914635,5056
0.895,0.125,0.755,25.6926,45.823914635,5056
0.895,0.125,0.765,415.637,45.823914635,5056
0.895,0.135,0.755,34.5682,45.823914635,5056
0.895,0.135,0.765,641.002,45.823914635,5056
0.895,0.145,0.755,34.6461,45.823914635,5056
0.895,0.145,0.765,691.485,45.823914635,5056
0.895,0.155,0.755,12.7187,45.823914635,5056
0.895,0.155,0.765,643.115,45.823914635,5056
0.895,0.165,0.755,12.7606,45.823914635,5056
0.895,0.165,0.765,531.683,45.823914635,5056
0.895,0.175,0.755,6.13911,45.823914635,5056
0.895,0.175,0.765,442.777,45.823914635,5056
0.895,0.185,0.755,6.15214,45.823914635,5056
0.895,0.185,0.765,255.209,45.823914635,5056
0.895,0.195,0.755,6.16838,45.823914635,5056
0.895,0.195,0.765,199.579,45.823914635,5056
0.905,-0.195,0.755,21.2046,45.823914635,5056
0.905,-0.195,0.765,431.997,45.823914635,5056
0.905,-0.185,0.755,21.4213,45.823914635,5056
0.905,-0.185,0.765,477.91,45.823914635,5056
0.905,-0.175,0.755,52.2715,45.823914635,5056
0.905,-0.175,0.765,484.627,45.823914635,5056
0.905,-0.165,0.755,91.8031,45.823914635,5056
0.905,-0.165,0.765,479.622,45.823914635,5056
0.905,-0.155,0.755,103.071,45.823914635,5056
0.905,-0.155,0.765,449.565,45.823914635,5056
0.905,-0.145,0.755,115.893,45.823914635,5056
0.905,-0.145,0.765,416.33,45.823914635,5056
0.905,-0.135,0.755,126.991,45.823914635,5056
0.905,-0.135,0.765,323.027,45.823914635,5056
0.905,-0.125,0.755,128.411,45.823914635,5056
0.905,-0.125,0.765,273.727,45.823914635,5056
0.905,-0.115,0.755,107.047,45.823914635,5056
0.905,-0.115,0.765,296.354,45.823914635,5056
0.905,-0.105,0.755,98.1191,45.823914635,5056
0.905,-0.105,0.765,326.713,45.823914635,5056
0.905,-0.095,0.755,98.3991,45.823914635,5056
0.905,-0.095,0.765,274.525,45.823914635,5056
0.905,-0.085,0.755,67.7745,45.823914635,5056
0.905,-0.085,0.765,309.614,45.823914635,5056
0.905,-0.075,0.755,14.6448,45.823914635,5056
0.905,-0.075,0.765,230.21,45.823914635,5056
0.905,-0.065,0.765,234.484,45.823914635,5056
0.905,-0.055,0.765,224.434,45.823914635,5056
0.905,-0.045,0.765,238.136,45.823914635,5056
0.905,-0.035,0.765,231.491,45.823914635,5056
0.905,-0.025,0.765,227.759,45.823914635,5056
0.905,-0.015,0.765,242.08,45.823914635,5056
0.905,-0.005,0.765,232.653,45.823914635,5056
0.905,0.005,0.765,237.757,45.823914635,5056
0.905,0.015,0.765,220.843,45.823914635,5056
0.905,0.025,0.765,269.364,45.823914635,5056
0.905,0.035,0.765,287.543,45.823914635,5056
0.905,0.045,0.755,12.1046,45.823914635,5056
0.905,0.045,0.765,327.864,45.823914635,5056
0.905,0.055,0.755,12.2783,45.823914635,5056
0.905,0.055,0.765,316.183,45.823914635,5056
0.905,0.065,0.755,12.4073,45.823914635,5056
0.905,0.065,0.765,282.617,45.823914635,5056
0.905,0.075,0.755,12.5535,45.823914635,5056
0.905,0.075,0.765,339.435,45.823914635,5056
0.905,0.085,0.755,18.3643,45.823914635,5056
0.905,0.085,0.765,343.611,45.823914635,5056
0.905,0.095,0.755,24.7133,45.823914635,5056
0.905,0.095,0.765,353.954,45.823914635,5056
0.905,0.105,0.755,24.9287,45.823914635,5056
0.905,0.105,0.765,342.227,45.823914635,5056
0.905,0.115,0.755,25.1091,45.823914635,5056
0.905,0.115,0.765,314.948,45.823914635,5056
0.905,0.125,0.755,25.2811,45.823914635,5056
0.905,0.125,0.765,418.998,45.823914635,5056
0.905,0.135,0.755,25.3612,45.823914635,5056
0.905,0.135,0.765,503.221,45.823914635,5056
0.905,0.145,0.755,25.4522,45.823914635,5056
0.905,0.145,0.765,521.887,45.823914635,5056
0.905,0.155,0.755,12.4405,45.823914635,5056
0.905,0.155,0.765,473.188,45.823914635,5056
0.905,0.165,0.755,6.00014,45.823914635,5056
0.905,0.165,0.765,408.703,45.823914635,5056
0.905,0.175,0.755,6.04565,45.823914635,5056
0.905,0.175,0.765,319.13,45.823914635,5056
0.905,0.185,0.755,6.02401,45.823914635,5056
0.905,0.185,0.765,289.458,45.823914635,5056
0.905,0.195,0.755,6.04502,45.823914635,5056
0.905,0.195,0.765,219.405,45.823914635,5056
0.915,-0.195,0.755,20.8011,45.823914635,5056
0.915,-0.195,0.765,269.742,45.823914635,5056
0.915,-0.185,0.755,21.0582,45.823914635,5056
0.915,-0.185,0.765,330.976,45.823914635,5056
0.915,-0.175,0.755,51.4791,45.823914635,5056
0.915,-0.175,0.765,406.072,45.823914635,5056
0.915,-0.165,0.755,100.193,45.823914635,5056
0.915,-0.165,0.765,427.247,45.823914635,5056
0.915,-0.155,0.755,112.823,45.823914635,5056
0.915,-0.155,0.765,463.78,45.823914635,5056
0.915,-0.145,0.755,131.358,45.823914635,5056
0.915,-0.145,0.765,433.363,45.823914635,5056
0.915,-0.135,0.755,133.091,45.823914635,5056
0.915,-0.135,0.765,365.91,45.823914635,5056
0.915,-0.125,0.755,127.285,45.823914635,5056
0.915,-0.125,0.765,345.314,45.823914635,5056
0.915,-0.115,0.755,113.76,45.823914635,5056
0.915,-0.115,0.765,368.409,45.823914635,5056
0.915,-0.105,0.755,114.787,45.823914635,5056
0.915,-0.105,0.765,324.431,45.823914635,5056
0.915,-0.095,0.755,96.7587,45.823914635,5056
0.915,-0.095,0.765,361.705,45.823914635,5056
0.915,-0.085,0.755,97.0641,45.823914635,5056
0.915,-0.085,0.765,366.026,45.823914635,5056
0.915,-0.075,0.755,64.555,45.823914635,5056
0.915,-0.075,0.765,373.559,45.823914635,5056
0.915,-0.065,0.765,391.238,45.823914635,5056
0.915,-0.055,0.765,276.953,45.823914635,5056
0.915,-0.045,0.765,218.404,45.823914635,5056
0.915,-0.035,0.765,194.818,45.823914635,5056
0.915,-0.025,0.765,214.863,45.823914635,5056
0.915,-0.015,0.765,235.598,45.823914635,5056
0.915,-0.005,0.765,211.083,45.823914635,5056
0.915,0.005,0.765,212.678,45.823914635,5056
0.915,0.015,0.765,195.489,45.823914635,5056
0.915,0.025,0.765,201.799,45.823914635,5056
0.915,0.035,0.765,238.398,45.823914635,5056
0.915,0.045,0.755,11.9227,45.823914635,5056
0.915,0.045,0.765,247.38,45.823914635,5056
0.915,0.055,0.755,12.024,45.823914635,5056
0.915,0.055,0.765,248.027,45.823914635,5056
0.915,0.065,0.755,12.2653,45.823914635,5056
0.915,0.065,0.765,250.015,45.823914635,5056
0.915,0.075,0.755,12.4012,45.823914635,5056
0.915,0.075,0.765,317.774,45.823914635,5056
0.915,0.085,0.755,12.4648,45.823914635,5056
0.915,0.085,0.765,345.242,45.823914635,5056
0.915,0.095,0.755,18.2486,45.823914635,5056
0.915,0.095,0.765,337.397,45.823914635,5056
0.915,0.105,0.755,18.3758,45.823914635,5056
0.915,0.105,0.765,337.177,45.823914635,5056
0.915,0.115,0.755,18.4716,45.823914635,5056
0.915,0.115,0.765,319.879,45.823914635,5056
0.915,0.125,0.755,18.5908,45.823914635,5056
0.915,0.125,0.765,488.472,45.823914635,5056
0.915,0.135,0.755,18.6509,45.823914635,5056
0.915,0.135,0.765,542.372,45.823914635,5056
0.915,0.145,0.755,18.6836,45.823914635,5056
0.915,0.145,0.765,571.781,45.823914635,5056
0.915,0.155,0.755,5.84692,45.823914635,5056
0.915,0.155,0.765,670.674,45.823914635,5056
0.915,0.165,0.755,12.1111,45.823914635,5056
0.915,0.165,0.765,658.222,45.823914635,5056
0.915,0.175,0.755,5.89167,45.823914635,5056
0.915,0.175,0.765,590.584,45.823914635,5056
0.915,0.185,0.765,465.382,45.823914635,5056
0.915,0.195,0.755,5.88708,45.823914635,5056
0.915,0.195,0.765,446.923,45.823914635,5056
0.925,-0.195,0.755,20.4816,45.823914635,5056
0.925,-0.195,0.765,163.229,45.823914635,5056
0.925,-0.185,0.755,20.7195,45.823914635,5056
0.925,-0.185,0.765,251.325,45.823914635,5056
0.925,-0.175,0.755,43.4214,45.823914635,5056
0.925,-0.175,0.765,330.704,45.823914635,5056
0.925,-0.165,0.755,101.121,45.823914635,5056
0.925,-0.165,0.765,358.628,45.823914635,5056
0.925,-0.155,0.755,120.529,45.823914635,5056
0.925,-0.155,0.765,466.038,45.823914635,5056
0.925,-0.145,0.755,122.696,45.823914635,5056
0.925,-0.145,0.765,480.732,45.823914635,5056
0.925,-0.135,0.755,124.485,45.823914635,5056
0.925,-0.135,0.765,512.327,45.823914635,5056
0.925,-0.125,0.755,125.803,45.823914635,5056
0.925,-0.125,0.765,557.002,45.823914635,5056
0.925,-0.115,0.755,120.225,45.823914635,5056
0.925,-0.115,0.765,452.346,45.823914635,5056
0.925,-0.105,0.755,113.235,45.823914635,5056
0.925,-0.105,0.765,393.926,45.823914635,5056
0.925,-0.095,0.755,95.7367,45.823914635,5056
0.925,-0.095,0.765,395.612,45.823914635,5056
0.925,-0.085,0.755,95.9107,45.823914635,5056
0.925,-0.085,0.765,333.078,45.823914635,5056
0.925,-0.075,0.755,59.7369,45.823914635,5056
0.925,-0.075,0.765,351.62,45.823914635,5056
0.925,-0.065,0.765,352.248,45.823914635,5056
0.925,-0.055,0.765,331.223,45.823914635,5056
0.925,-0.045,0.765,293.849,45.823914635,5056
0.925,-0.035,0.765,235.359,45.823914635,5056
0.925,-0.025,0.765,209.633,45.823914635,5056
0.925,-0.015,0.765,190.849,45.823914635,5056
0.925,-0.005,0.765,188.573,45.823914635,5056
0.925,0.005,0.765,172.095,45.823914635,5056
0.925,0.015,0.765,183.532,45.823914635,5056
0.925,0.025,0.765,167.265,45.823914635,5056
0.925,0.035,0.765,182.736,45.823914635,5056
0.925,0.045,0.755,11.7403,45.823914635,5056
0.925,0.045,0.765,201.7,45.823914635,5056
0.925,0.055,0.755,11.7811,45.823914635,5056
0.925,0.055,0.765,169.783,45.823914635,5056
0.925,0.065,0.765,189.62,45.823914635,5056
0.925,0.075,0.755,12.2295,45.823914635,5056
0.925,0.075,0.765,260.406,45.823914635,5056
0.925,0.085,0.755,12.3523,45.823914635,5056
0.925,0.085,0.765,321.47,45.823914635,5056
0.925,0.095,0.755,17.842,45.823914635,5056
0.925,0.095,0.765,321.556,45.823914635,5056
0.925,0.105,0.755,12.5432,45.823914635,5056
0.925,0.105,0.765,345.848,45.823914635,5056
0.925,0.115,0.755,18.1721,45.823914635,5056
0.925,0.115,0.765,492.396,45.823914635,5056
0.925,0.125,0.755,18.1934,45.823914635,5056
0.925,0.125,0.765,618.967,45.823914635,5056
0.925,0.135,0.755,18.3415,45.823914635,5056
0.925,0.135,0.765,730.204,45.823914635,5056
0.925,0.145,0.755,5.68853,45.823914635,5056
0.925,0.145,0.765,713.795,45.823914635,5056
0.925,0.155,0.755,5.73159,45.823914635,5056
0.925,0.155,0.765,638.916,45.823914635,5056
0.925,0.165,0.755,5.72846,45.823914635,5056
0.925,0.165,0.765,601.168,45.823914635,5056
0.925,0.175,0.755,5.76195,45.823914635,5056
0.925,0.175,0.765,508.67,45.823914635,5056
0.925,0.185,0.755,5.76341,45.823914635,5056
0.925,0.185,0.765,515.133,45.823914635,5056
0.925,0.195,0.765,470.974,45.823914635,5056
0.935,-0.195,0.755,13.6072,45.823914635,5056
0.935,-0.195,0.765,159.799,45.823914635,5056
0.935,-0.185,0.755,13.7139,45.823914635,5056
0.935,-0.185,0.765,212.036,45.823914635,5056
0.935,-0.175,0.755,45.3662,45.823914635,5056
0.935,-0.175,0.765,293.536,45.823914635,5056
0.935,-0.165,0.755,100.112,45.823914635,5056
0.935,-0.165,0.765,371.762,45.823914635,5056
0.935,-0.155,0.755,119.107,45.823914635,5056
0.935,-0.155,0.765,458.329,45.823914635,5056
0.935,-0.145,0.755,120.844,45.823914635,5056
0.935,-0.145,0.765,499.821,45.823914635,5056
0.935,-0.135,0.755,115.856,45.823914635,5056
0.935,-0.135,0.765,548.906,45.823914635,5056
0.935,-0.125,0.755,117.509,45.823914635,5056
0.935,-0.125,0.765,579.525,45.823914635,5056
0.935,-0.115,0.755,110.744,45.823914635,5056
0.935,-0.115,0.765,585.17,45.823914635,5056
0.935,-0.105,0.755,93.8029,45.823914635,5056
0.935,-0.105,0.765,497.292,45.823914635,5056
0.935,-0.095,0.755,94.4827,45.823914635,5056
0.935,-0.095,0.765,400.385,45.823914635,5056
0.935,-0.085,0.755,80.9873,45.823914635,5056
0.935,-0.085,0.765,388.865,45.823914635,5056
0.935,-0.075,0.755,64.7006,45.823914635,5056
0.935,-0.075,0.765,353.194,45.823914635,5056
0.935,-0.065,0.755,10.2585,45.823914635,5056
0.935,-0.065,0.765,335.86,45.823914635,5056
0.935,-0.055,0.765,359.09,45.823914635,5056
0.935,-0.045,0.765,255.387,45.823914635,5056
0.935,-0.035,0.765,270.101,45.823914635,5056
0.935,-0.025,0.765,227.596,45.823914635,5056
0.935,-0.015,0.765,192.407,45.823914635,5056
0.935,-0.005,0.765,172.455,45.823914635,5056
0.935,0.005,0.765,180.263,45.823914635,5056
0.935,0.015,0.765,155.525,45.823914635,5056
0.935,0.025,0.765,156.12,45.823914635,5056
0.935,0.035,0.765,159.348,45.823914635,5056
0.935,0.045,0.765,124.043,45.823914635,5056
0.935,0.055,0.765,124.675,45.823914635,5056
0.935,0.065,0.765,143.789,45.823914635,5056
0.935,0.075,0.765,246.182,45.823914635,5056
0.935,0.085,0.765,406.489,45.823914635,5056
0.935,0.095,0.765,429.588,45.823914635,5056
0.935,0.105,0.765,399.933,45.823914635,5056
0.935,0.115,0.765,526.497,45.823914635,5056
0.935,0.125,0.765,641.843,45.823914635,5056
0.935,0.135,0.755,12.427,45.823914635,5056
0.935,0.135,0.765,650.2,45.823914635,5056
0.935,0.145,0.755,5.57223,45.823914635,5056
0.935,0.145,0.765,651.389,45.823914635,5056
0.935,0.155,0.755,5.61543,45.823914635,5056
0.935,0.155,0.765,587.697,45.823914635,5056
0.935,0.165,0.765,500.929,45.823914635,5056
0.935,0.175,0.765,496.342,45.823914635,5056
0.935,0.185,0.765,503.483,45.823914635,5056
0.935,0.195,0.765,490.898,45.823914635,5056
0.945,-0.195,0.755,13.3527,45.823914635,5056
0.945,-0.195,0.765,169.879,45.823914635,5056
0.945,-0.185,0.755,13.4919,45.823914635,5056
0.945,-0.185,0.765,231.984,45.823914635,5056
0.945,-0.175,0.755,39.9066,45.823914635,5056
0.945,-0.175,0.765,299.049,45.823914635,5056
0.945,-0.165,0.755,86.0511,45.823914635,5056
0.945,-0.165,0.765,369.944,45.823914635,5056
0.945,-0.155,0.755,94.1085,45.823914635,5056
0.945,-0.155,0.765,416.649,45.823914635,5056
0.945,-0.145,0.755,112.476,45.823914635,5056
0.945,-0.145,0.765,478.489,45.823914635,5056
0.945,-0.135,0.755,113.96,45.823914635,5056
0.945,-0.135,0.765,516.018,45.823914635,5056
0.945,-0.125,0.755,97.8202,45.823914635,5056
0.945,-0.125,0.765,533.298,45.823914635,5056
0.945,-0.115,0.755,91.2516,45.823914635,5056
0.945,-0.115,0.765,572.346,45.823914635,5056
0.945,-0.105,0.755,92.1713,45.823914635,5056
0.945,-0.105,0.765,567.378,45.823914635,5056
0.945,-0.095,0.755,79.3394,45.823914635,5056
0.945,-0.095,0.765,420.988,45.823914635,5056
0.945,-0.085,0.755,66.1047,45.823914635,5056
0.945,-0.085,0.765,407.042,45.823914635,5056
0.945,-0.075,0.755,50.1878,45.823914635,5056
0.945,-0.075,0.765,381.58,45.823914635,5056
0.945,-0.065,0.755,28.6613,45.823914635,5056
0.945,-0.065,0.765,371.072,45.823914635,5056
0.945,-0.055,0.765,329.861,45.823914635,5056
0.945,-0.045,0.765,310.158,45.823914635,5056
0.945,-0.035,0.765,310.432,45.823914635,5056
0.945,-0.025,0.765,321.724,45.823914635,5056
0.945,-0.015,0.765,310.468,45.823914635,5056
0.945,-0.005,0.765,293.713,45.823914635,5056
0.945,0.005,0.765,278.763,45.823914635,5056
0.945,0.015,0.765,220.27,45.823914635,5056
0.945,0.025,0.765,203.608,45.823914635,5056
0.945,0.035,0.765,166.781,45.823914635,5056
0.945,0.045,0.765,200.698,45.823914635,5056
0.945,0.055,0.765,247.085,45.823914635,5056
0.945,0.065,0.765,391.44,45.823914635,5056
0.945,0.075,0.765,455.811,45.823914635,5056
0.945,0.085,0.765,569.506,45.823914635,5056
0.945,0.095,0.765,680.813,45.823914635,5056
0.945,0.105,0.765,695.064,45.823914635,5056
0.945,0.115,0.765,862.223,45.823914635,5056
0.945,0.125,0.765,810.233,45.823914635,5056
0.945,0.135,0.765,663.112,45.823914635,5056
0.945,0.145,0.765,486.902,45.823914635,5056
0.945,0.155,0.765,425.32,45.823914635,5056
0.945,0.165,0.765,459.364,45.823914635,5056
0.945,0.175,0.765,448.221,45.823914635,5056
0.945,0.185,0.765,438.259,45.823914635,5056
0.945,0.195,0.765,444.846,45.823914635,5056
0.955,-0.195,0.755,7.05341,45.823914635,5056
0.955,-0.195,0.765,150.165,45.823914635,5056
0.955,-0.185,0.755,7.14719,45.823914635,5056
0.955,-0.185,0.765,242.79,45.823914635,5056
0.955,-0.175,0.755,22.4782,45.823914635,5056
0.955,-0.175,0.765,276.856,45.823914635,5056
0.955,-0.165,0.755,65.9438,45.823914635,5056
0.955,-0.165,0.765,337.022,45.823914635,5056
0.955,-0.155,0.755,67.1594,45.823914635,5056
0.955,-0.155,0.765,398.506,45.823914635,5056
0.955,-0.145,0.755,93.8601,45.823914635,5056
0.955,-0.145,0.765,455.354,45.823914635,5056
0.955,-0.135,0.755,95.1928,45.823914635,5056
0.955,-0.135,0.765,489.122,45.823914635,5056
0.955,-0.125,0.755,88.7941,45.823914635,5056
0.955,-0.125,0.765,466.574,45.823914635,5056
0.955,-0.115,0.755,89.6628,45.823914635,5056
0.955,-0.115,0.765,482.444,45.823914635,5056
0.955,-0.105,0.755,77.3668,45.823914635,5056
0.955,-0.105,0.765,457.456,45.823914635,5056
0.955,-0.095,0.755,64.4574,45.823914635,5056
0.955,-0.095,0.765,451.823,45.823914635,5056
0.955,-0.085,0.755,64.952,45.823914635,5056
0.955,-0.085,0.765,416.685,45.823914635,5056
0.955,-0.075,0.755,49.3417,45.823914635,5056
0.955,-0.075,0.765,418.377,45.823914635,5056
0.955,-0.065,0.755,19.2329,45.823914635,5056
0.955,-0.065,0.765,348.38,45.823914635,5056
0.955,-0.055,0.765,371.149,45.823914635,5056
0.955,-0.045,0.765,381.058,45.823914635,5056
0.955,-0.035,0.765,317.692,45.823914635,5056
0.955,-0.025,0.765,315.887,45.823914635,5056
0.955,-0.015,0.765,312.246,45.823914635,5056
0.955,-0.005,0.765,274.722,45.823914635,5056
0.955,0.005,0.765,277.224,45.823914635,5056
0.955,0.015,0.765,252.917,45.823914635,5056
0.955,0.025,0.765,238.545,45.823914635,5056
0.955,0.035,0.765,229.345,45.823914635,5056
0.955,0.045,0.765,281.489,45.823914635,5056
0.955,0.055,0.765,390.339,45.823914635,5056
0.955,0.065,0.765,492.628,45.823914635,5056
0.955,0.085,0.765,587.461,45.823914635,5056
0.955,0.095,0.765,636.422,45.823914635,5056
0.955,0.105,0.765,635.832,45.823914635,5056
0.955,0.115,0.765,764.868,45.823914635,5056
0.955,0.125,0.765,780.483,45.823914635,5056
0.955,0.135,0.765,662.024,45.823914635,5056
0.955,0.145,0.765,585.056,45.823914635,5056
0.955,0.155,0.765,454.115,45.823914635,5056
0.955,0.165,0.765,437.286,45.823914635,5056
0.955,0.175,0.765,437.357,45.823914635,5056
0.955,0.185,0.765,425.369,45.823914635,5056
0.955,0.195,0.765,422.051,45.823914635,5056
0.965,-0.195,0.755,6.92429,45.823914635,5056
0.965,-0.195,0.765,142.244,45.823914635,5056
0.965,-0.185,0.755,7.01372,45.823914635,5056
0.965,-0.185,0.765,228.055,45.823914635,5056
0.965,-0.175,0.755,24.4991,45.823914635,5056
0.965,-0.175,0.765,250.078,45.823914635,5056
0.965,-0.165,0.755,50.8849,45.823914635,5056
0.965,-0.165,0.765,308.671,45.823914635,5056
0.965,-0.155,0.755,66.0819,45.823914635,5056
0.965,-0.155,0.765,383.91,45.823914635,5056
0.965,-0.145,0.755,67.0117,45.823914635,5056
0.965,-0.145,0.765,426.526,45.823914635,5056
0.965,-0.135,0.755,60.6676,45.823914635,5056
0.965,-0.135,0.765,450.024,45.823914635,5056
0.965,-0.125,0.755,74.2472,45.823914635,5056
0.965,-0.125,0.765,441.494,45.823914635,5056
0.965,-0.115,0.755,62.2817,45.823914635,5056
0.965,-0.115,0.765,448.987,45.823914635,5056
0.965,-0.105,0.755,62.8394,45.823914635,5056
0.965,-0.105,0.765,426.785,45.823914635,5056
0.965,-0.095,0.755,63.3549,45.823914635,5056
0.965,-0.095,0.765,388.597,45.823914635,5056
0.965,-0.085,0.755,48.3813,45.823914635,5056
0.965,-0.085,0.765,349.613,45.823914635,5056
0.965,-0.075,0.755,38.7117,45.823914635,5056
0.965,-0.075,0.765,359.707,45.823914635,5056
0.965,-0.065,0.755,7.62825,45.823914635,5056
0.965,-0.065,0.765,340.244,45.823914635,5056
0.965,-0.055,0.765,356.113,45.823914635,5056
0.965,-0.045,0.765,326.66,45.823914635,5056
0.965,-0.035,0.765,311.553,45.823914635,5056
0.965,-0.025,0.765,317.463,45.823914635,5056
0.965,-0.015,0.765,278.644,45.823914635,5056
0.965,-0.005,0.765,261.838,45.823914635,5056
0.965,0.005,0.765,277.366,45.823914635,5056
0.965,0.015,0.765,280.451,45.823914635,5056
0.965,0.025,0.765,315.305,45.823914635,5056
0.965,0.035,0.765,320.54,45.823914635,5056
0.965,0.045,0.765,375.063,45.823914635,5056
0.965,0.055,0.765,465.16,45.823914635,5056
0.965,0.065,0.765,568.643,45.823914635,5056
0.965,0.075,0.765,580.311,45.823914635,5056
0.965,0.085,0.765,573.142,45.823914635,5056
0.965,0.095,0.765,593.442,45.823914635,5056
0.965,0.105,0.765,656.854,45.823914635,5056
0.965,0.115,0.765,704.857,45.823914635,5056
0.965,0.125,0.765,756.026,45.823914635,5056
0.965,0.135,0.765,710.202,45.823914635,5056
0.965,0.145,0.765,604.253,45.823914635,5056
0.965,0.155,0.765,519.249,45.823914635,5056
0.965,0.165,0.765,427.742,45.823914635,5056
0.965,0.175,0.765,401.951,45.823914635,5056
0.965,0.185,0.765,380.606,45.823914635,5056
0.965,0.195,0.765,386.635,45.823914635,5056
0.975,-0.195,0.755,6.83259,45.823914635,5056
0.975,-0.195,0.765,121.888,45.823914635,5056
0.975,-0.185,0.755,6.85578,45.823914635,5056
0.975,-0.185,0.765,193.522,45.823914635,5056
0.975,-0.175,0.755,6.91055,45.823914635,5056
0.975,-0.175,0.765,224.736,45.823914635,5056
0.975,-0.165,0.755,32.2091,45.823914635,5056
0.975,-0.165,0.765,288.775,45.823914635,5056
0.975,-0.155,0.755,43.8323,45.823914635,5056
0.975,-0.155,0.765,331.503,45.823914635,5056
0.975,-0.145,0.755,44.5281,45.823914635,5056
0.975,-0.145,0.765,352.02,45.823914635,5056
0.975,-0.135,0.755,59.6986,45.823914635,5056
0.975,-0.135,0.765,380.572,45.823914635,5056
0.975,-0.125,0.755,60.3349,45.823914635,5056
0.975,-0.125,0.765,403.575,45.823914635,5056
0.975,-0.115,0.755,61.0596,45.823914635,5056
0.975,-0.115,0.765,418.646,45.823914635,5056
0.975,-0.105,0.755,61.6841,45.823914635,5056
0.975,-0.105,0.765,419.188,45.823914635,5056
0.975,-0.095,0.755,47.2619,45.823914635,5056
0.975,-0.095,0.765,408.932,45.823914635,5056
0.975,-0.085,0.755,37.5119,45.823914635,5056
0.975,-0.085,0.765,338.916,45.823914635,5056
0.975,-0.075,0.755,28.0256,45.823914635,5056
0.975,-0.075,0.765,310.553,45.823914635,5056
0.975,-0.065,0.755,16.8534,45.823914635,5056
0.975,-0.065,0.765,341.624,45.823914635,5056
0.975,-0.055,0.765,358.078,45.823914635,5056
0.975,-0.045,0.765,322.052,45.823914635,5056
0.975,-0.035,0.765,270.519,45.823914635,5056
0.975,-0.025,0.765,303.331,45.823914635,5056
0.975,-0.015,0.765,244.449,45.823914635,5056
0.975,-0.005,0.765,268.251,45.823914635,5056
0.975,0.005,0.765,265.775,45.823914635,5056
0.975,0.015,0.765,262.337,45.823914635,5056
0.975,0.025,0.765,274.183,45.823914635,5056
0.975,0.035,0.765,329.655,45.823914635,5056
0.975,0.045,0.765,416.712,45.823914635,5056
0.975,0.055,0.765,532.329,45.823914635,5056
0.975,0.065,0.765,577.779,45.823914635,5056
0.975,0.075,0.765,566.512,45.823914635,5056
0.975,0.085,0.765,544.872,45.823914635,5056
0.975,0.095,0.765,560.896,45.823914635,5056
0.975,0.105,0.765,593.489,45.823914635,5056
0.975,0.115,0.765,658.709,45.823914635,5056
0.975,0.125,0.765,702.025,45.823914635,5056
0.975,0.135,0.765,678.773,45.823914635,5056
0.975,0.155,0.765,503.896,45.823914635,5056
0.975,0.165,0.765,418.429,45.823914635,5056
0.975,0.175,0.765,373.2,45.823914635,5056
0.975,0.185,0.765,346.127,45.823914635,5056
0.975,0.195,0.765,337.545,45.823914635,5056
0.985,-0.195,0.765,97.0901,45.823914635,5056
0.985,-0.185,0.765,178.881,45.823914635,5056
0.985,-0.175,0.765,212.468,45.823914635,5056
0.985,-0.165,0.755,24.8571,45.823914635,5056
0.985,-0.165,0.765,248.946,45.823914635,5056
0.985,-0.155,0.755,33.9742,45.823914635,5056
0.985,-0.155,0.765,286.291,45.823914635,5056
0.985,-0.145,0.755,43.8097,45.823914635,5056
0.985,-0.145,0.765,348.938,45.823914635,5056
0.985,-0.135,0.755,44.409,45.823914635,5056
0.985,-0.135,0.765,344.269,45.823914635,5056
0.985,-0.125,0.755,44.9006,45.823914635,5056
0.985,-0.125,0.765,377.826,45.823914635,5056
0.985,-0.115,0.755,45.4743,45.823914635,5056
0.985,-0.115,0.765,364.87,45.823914635,5056
0.985,-0.105,0.755,45.9326,45.823914635,5056
0.985,-0.105,0.765,355.417,45.823914635,5056
0.985,-0.095,0.755,36.4518,45.823914635,5056
0.985,-0.095,0.765,308.158,45.823914635,5056
0.985,-0.085,0.755,27.4109,45.823914635,5056
0.985,-0.085,0.765,287.076,45.823914635,5056
0.985,-0.075,0.755,16.6109,45.823914635,5056
0.985,-0.075,0.765,258.474,45.823914635,5056
0.985,-0.065,0.755,7.3372,45.823914635,5056
0.985,-0.065,0.765,303.089,45.823914635,5056
0.985,-0.055,0.765,346.417,45.823914635,5056
0.985,-0.045,0.765,315.642,45.823914635,5056
0.985,-0.035,0.765,282.831,45.823914635,5056
0.985,-0.025,0.765,283.178,45.823914635,5056
0.985,-0.015,0.765,241.372,45.823914635,5056
0.985,-0.005,0.765,265.486,45.823914635,5056
0.985,0.005,0.765,249.902,45.823914635,5056
0.985,0.015,0.765,263.865,45.823914635,5056
0.985,0.025,0.765,265.522,45.823914635,5056
0.985,0.035,0.765,303.071,45.823914635,5056
0.985,0.045,0.765,424.628,45.823914635,5056
0.985,0.055,0.765,503.149,45.823914635,5056
0.985,0.065,0.765,526.626,45.823914635,5056
0.985,0.075,0.765,549.033,45.823914635,5056
0.985,0.085,0.765,541.398,45.823914635,5056
0.985,0.095,0.765,537.106,45.823914635,5056
0.985,0.105,0.765,555.536,45.823914635,5056
0.985,0.115,0.765,652.522,45.823914635,5056
0.985,0.125,0.765,635.238,45.823914635,5056
0.985,0.135,0.765,598.313,45.823914635,5056
0.985,0.145,0.765,558.176,45.823914635,5056
0.985,0.155,0.765,454.629,45.823914635,5056
0.985,0.165,0.765,341.858,45.823914635,5056
0.985,0.175,0.765,283.099,45.823914635,5056
0.985,0.185,0.765,263.118,45.823914635,5056
0.985,0.195,0.765,276.896,45.823914635,5056
0.995,-0.195,0.765,110.55,45.823914635,5056
0.995,-0.185,0.755,6.15333,45.823914635,5056
0.995,-0.185,0.765,170.267,45.823914635,5056
0.995,-0.175,0.755,23.7287,45.823914635,5056
0.995,-0.175,0.765,201.734,45.823914635,5056
0.995,-0.165,0.755,30.9194,45.823914635,5056
0.995,-0.165,0.765,258.135,45.823914635,5056
0.995,-0.155,0.755,33.2033,45.823914635,5056
0.995,-0.155,0.765,278.323,45.823914635,5056
0.995,-0.145,0.755,33.7701,45.823914635,5056
0.995,-0.145,0.765,323.702,45.823914635,5056
0.995,-0.135,0.755,34.3062,45.823914635,5056
0.995,-0.135,0.765,320.127,45.823914635,5056
0.995,-0.125,0.755,34.7459,45.823914635,5056
0.995,-0.125,0.765,304.517,45.823914635,5056
0.995,-0.115,0.755,35.118,45.823914635,5056
0.995,-0.115,0.765,304.183,45.823914635,5056
0.995,-0.105,0.755,35.4499,45.823914635,5056
0.995,-0.105,0.765,320.468,45.823914635,5056
0.995,-0.095,0.755,35.6061,45.823914635,5056
0.995,-0.095,0.765,246.946,45.823914635,5056
0.995,-0.085,0.755,26.8279,45.823914635,5056
0.995,-0.085,0.765,242.221,45.823914635,5056
0.995,-0.075,0.755,7.19978,45.823914635,5056
0.995,-0.075,0.765,220.638,45.823914635,5056
0.995,-0.065,0.765,265.361,45.823914635,5056
0.995,-0.055,0.765,267.91,45.823914635,5056
0.995,-0.045,0.765,285.717,45.823914635,5056
0.995,-0.035,0.765,256.115,45.823914635,5056
0.995,-0.025,0.765,267.294,45.823914635,5056
0.995,-0.015,0.765,248.901,45.823914635,5056
0.995,-0.005,0.765,268.077,45.823914635,5056
0.995,0.005,0.765,257.281,45.823914635,5056
0.995,0.015,0.765,256.188,45.823914635,5056
0.995,0.025,0.765,258.899,45.823914635,5056
0.995,0.035,0.765,313.973,45.823914635,5056
0.995,0.045,0.765,400.132,45.823914635,5056
0.995,0.055,0.765,475.733,45.823914635,5056
0.995,0.065,0.765,532.597,45.823914635,5056
0.995,0.075,0.765,506.267,45.823914635,5056
0.995,0.085,0.765,507.853,45.823914635,5056
0.995,0.095,0.765,485.338,45.823914635,5056
0.995,0.105,0.765,512.604,45.823914635,5056
0.995,0.115,0.765,562.358,45.823914635,5056
0.995,0.125,0.765,588.555,45.823914635,5056
0.995,0.135,0.765,578.794,45.823914635,5056
0.995,0.145,0.765,445.772,45.823914635,5056
0.995,0.155,0.765,357.249,45.823914635,5056
0.995,0.165,0.765,268.892,45.823914635,5056
0.995,0.175,0.765,232.582,45.823914635,5056
0.995,0.185,0.765,235.38,45.823914635,5056
0.995,0.195,0.765,240.747,45.823914635,5056
1.005,-0.135,0.765,16.0883,45.823914635,5056
1.005,-0.045,0.765,9.45677,45.823914635,5056
1.005,0.015,0.765,14.7266,45.823914635,5056
1.005,0.115,0.765,15.6973,45.823914635,5056
1.005,0.135,0.765,9.52435,45.823914635,5056
